asset_file,post_theme,product_codes,products,instagram_caption_en,instagram_caption_fr,instagram_caption_ar,facebook_caption,tiktok_script,hashtags
"marketing/women-fashion-collages/assets/01-summer-color-combos.png","SUMMER COLOR Combos","PJU85NPAJ PZ7TY46C7 PHVFTVGCB P2HMLYW8V PN1PIUPY8 P2VPMHI4X","Haze blue fairy dress (PJU85NPAJ, 20 382 FCFA); Slim party dress (PZ7TY46C7, 11 292 FCFA); Slim waist short skirt (PHVFTVGCB, 6 126 FCFA); Summer split midi dress (P2HMLYW8V, 13 338 FCFA); Vintage dumpling bag (PN1PIUPY8, 6 876 FCFA); Open-toe sandals (P2VPMHI4X, 6 594 FCFA)","Summer color combos from Simbazu: dresses, skirts, sandals, and bags with searchable product codes. Codes: PJU85NPAJ PZ7TY46C7 PHVFTVGCB P2HMLYW8V PN1PIUPY8 P2VPMHI4X.","Combinaisons couleur ete chez Simbazu : robes, jupes, sandales et sacs avec codes produits. Codes : PJU85NPAJ PZ7TY46C7 PHVFTVGCB P2HMLYW8V PN1PIUPY8 P2VPMHI4X.","تنسيقات ألوان صيفية من سيمبازو: فساتين وتنانير وصنادل وحقائب مع أكواد المنتجات. الأكواد: PJU85NPAJ PZ7TY46C7 PHVFTVGCB P2HMLYW8V PN1PIUPY8 P2VPMHI4X.","Summer color combos from Simbazu: dresses, skirts, sandals, and bags with searchable product codes.

Combinaisons couleur ete chez Simbazu : robes, jupes, sandales et sacs avec codes produits.

تنسيقات ألوان صيفية من سيمبازو: فساتين وتنانير وصنادل وحقائب مع أكواد المنتجات.

Codes: PJU85NPAJ PZ7TY46C7 PHVFTVGCB P2HMLYW8V PN1PIUPY8 P2VPMHI4X.","Show the full collage, zoom into each product code, then end with: search the code on simbazu.net. Codes: PJU85NPAJ PZ7TY46C7 PHVFTVGCB P2HMLYW8V PN1PIUPY8 P2VPMHI4X.","#Simbazu #SimbazuStyle #WomenFashion #DressEdit #OutfitIdeas #ModeFemme #تسوق_اونلاين"
"marketing/women-fashion-collages/assets/02-monday-outfit-builder.png","Monday Outfit Builder","PDHAL478L PKAVJO88N PZ8LDGQHE PN1PIUPY8 PFKZC658H","Denim slim dress (PDHAL478L, 16 050 FCFA); Street-style jeans (PKAVJO88N, 23 436 FCFA); Simple long wallet (PZ8LDGQHE, 2 730 FCFA); Vintage dumpling bag (PN1PIUPY8, 6 876 FCFA); Square-toe flats (PFKZC658H, 8 724 FCFA)","A Monday outfit idea: denim, a clean bag, simple shoes, and one easy dress option. Search each code on Simbazu. Codes: PDHAL478L PKAVJO88N PZ8LDGQHE PN1PIUPY8 PFKZC658H.","Idee tenue du lundi : denim, sac pratique, chaussures simples et une option robe. Cherchez chaque code sur Simbazu. Codes : PDHAL478L PKAVJO88N PZ8LDGQHE PN1PIUPY8 PFKZC658H.","فكرة إطلالة يوم الاثنين: جينز وحقيبة وحذاء بسيط وخيار فستان. ابحث عن كل كود في سيمبازو. الأكواد: PDHAL478L PKAVJO88N PZ8LDGQHE PN1PIUPY8 PFKZC658H.","A Monday outfit idea: denim, a clean bag, simple shoes, and one easy dress option. Search each code on Simbazu.

Idee tenue du lundi : denim, sac pratique, chaussures simples et une option robe. Cherchez chaque code sur Simbazu.

فكرة إطلالة يوم الاثنين: جينز وحقيبة وحذاء بسيط وخيار فستان. ابحث عن كل كود في سيمبازو.

Codes: PDHAL478L PKAVJO88N PZ8LDGQHE PN1PIUPY8 PFKZC658H.","Show the full collage, zoom into each product code, then end with: search the code on simbazu.net. Codes: PDHAL478L PKAVJO88N PZ8LDGQHE PN1PIUPY8 PFKZC658H.","#Simbazu #SimbazuStyle #WomenFashion #DressEdit #OutfitIdeas #ModeFemme #تسوق_اونلاين"
"marketing/women-fashion-collages/assets/03-dress-edit.png","DRESS Edit","PDHAL478L PJU85NPAJ P1YDCXZEM PSJ2HVJLS P2HMLYW8V PZ7TY46C7","Denim slim dress (PDHAL478L, 16 050 FCFA); Haze blue fairy dress (PJU85NPAJ, 20 382 FCFA); Halter split dress (P1YDCXZEM, 13 962 FCFA); One-shoulder mini dress (PSJ2HVJLS, 10 176 FCFA); Summer split midi dress (P2HMLYW8V, 13 338 FCFA); Slim party dress (PZ7TY46C7, 11 292 FCFA)","Dress edit for day, evening, and summer plans. Save the post and search the product code on Simbazu. Codes: PDHAL478L PJU85NPAJ P1YDCXZEM PSJ2HVJLS P2HMLYW8V PZ7TY46C7.","Selection robes pour la journee, le soir et les sorties ete. Gardez le post et cherchez le code sur Simbazu. Codes : PDHAL478L PJU85NPAJ P1YDCXZEM PSJ2HVJLS P2HMLYW8V PZ7TY46C7.","اختيارات فساتين لليوم والمساء والصيف. احفظ المنشور وابحث عن الكود في سيمبازو. الأكواد: PDHAL478L PJU85NPAJ P1YDCXZEM PSJ2HVJLS P2HMLYW8V PZ7TY46C7.","Dress edit for day, evening, and summer plans. Save the post and search the product code on Simbazu.

Selection robes pour la journee, le soir et les sorties ete. Gardez le post et cherchez le code sur Simbazu.

اختيارات فساتين لليوم والمساء والصيف. احفظ المنشور وابحث عن الكود في سيمبازو.

Codes: PDHAL478L PJU85NPAJ P1YDCXZEM PSJ2HVJLS P2HMLYW8V PZ7TY46C7.","Show the full collage, zoom into each product code, then end with: search the code on simbazu.net. Codes: PDHAL478L PJU85NPAJ P1YDCXZEM PSJ2HVJLS P2HMLYW8V PZ7TY46C7.","#Simbazu #SimbazuStyle #WomenFashion #DressEdit #OutfitIdeas #ModeFemme #تسوق_اونلاين"
