theme,product_code,product_name,sale_price_fcfa,asset_file,product_url,instagram_caption_en,instagram_caption_fr,instagram_caption_ar,facebook_caption,tiktok_script,hashtags
"back_to_school","PVYN7NET7","kindergarten small school bag animal backpack","5 472 FCFA","marketing/product-posts/assets/01-back_to_school-PVYN7NET7.png","https://simbazu.net/products/kindergarten-small-school-bag-animal-backpack-4f94a038-9117-4993-a7ee-cd86f0cc1c50","Simple find from Simbazu: Animal backpack. Cute starter backpack for younger children. Price: 5 472 FCFA. Product code: PVYN7NET7. Search the code on simbazu.net and save this post for later.","Selection Simbazu : Animal backpack. Un choix pratique a decouvrir aujourd'hui. Prix : 5 472 FCFA. Code produit : PVYN7NET7. Cherchez le code sur simbazu.net et gardez ce post.","اختيار من سيمبازو: Animal backpack. منتج عملي يستحق المشاهدة. السعر: 5 472 FCFA. كود المنتج: PVYN7NET7. ابحث عن الكود على simbazu.net واحفظ المنشور.","Simple find from Simbazu: Animal backpack. Cute starter backpack for younger children. Price: 5 472 FCFA. Product code: PVYN7NET7. Search the code on simbazu.net and save this post for later.

Selection Simbazu : Animal backpack. Un choix pratique a decouvrir aujourd'hui. Prix : 5 472 FCFA. Code produit : PVYN7NET7. Cherchez le code sur simbazu.net et gardez ce post.

اختيار من سيمبازو: Animal backpack. منتج عملي يستحق المشاهدة. السعر: 5 472 FCFA. كود المنتج: PVYN7NET7. ابحث عن الكود على simbazu.net واحفظ المنشور.","Show product close-up, code PVYN7NET7, price 5 472 FCFA, then a 2-second use-case scene: Cute starter backpack for younger children. End with: Search the code on Simbazu.","#Simbazu #OnlineShopping #BackToSchool #ShoppingEnLigne #تسوق_اونلاين"
"back_to_school","PVKIEPTYF","Nylon wear-resistant waterproof schoolbag","12 492 FCFA","marketing/product-posts/assets/02-back_to_school-PVKIEPTYF.png","https://simbazu.net/products/nylon-wear-resistant-waterproof-schoolbag-5ba27082-41ed-42be-83b6-f044630ab913","Simple find from Simbazu: Waterproof schoolbag. Practical waterproof school bag. Price: 12 492 FCFA. Product code: PVKIEPTYF. Search the code on simbazu.net and save this post for later.","Selection Simbazu : Waterproof schoolbag. Un choix pratique a decouvrir aujourd'hui. Prix : 12 492 FCFA. Code produit : PVKIEPTYF. Cherchez le code sur simbazu.net et gardez ce post.","اختيار من سيمبازو: Waterproof schoolbag. منتج عملي يستحق المشاهدة. السعر: 12 492 FCFA. كود المنتج: PVKIEPTYF. ابحث عن الكود على simbazu.net واحفظ المنشور.","Simple find from Simbazu: Waterproof schoolbag. Practical waterproof school bag. Price: 12 492 FCFA. Product code: PVKIEPTYF. Search the code on simbazu.net and save this post for later.

Selection Simbazu : Waterproof schoolbag. Un choix pratique a decouvrir aujourd'hui. Prix : 12 492 FCFA. Code produit : PVKIEPTYF. Cherchez le code sur simbazu.net et gardez ce post.

اختيار من سيمبازو: Waterproof schoolbag. منتج عملي يستحق المشاهدة. السعر: 12 492 FCFA. كود المنتج: PVKIEPTYF. ابحث عن الكود على simbazu.net واحفظ المنشور.","Show product close-up, code PVKIEPTYF, price 12 492 FCFA, then a 2-second use-case scene: Practical waterproof school bag. End with: Search the code on Simbazu.","#Simbazu #OnlineShopping #BackToSchool #ShoppingEnLigne #تسوق_اونلاين"
"back_to_school","PA7W602VB","Army Fan Pencil Case Men's Canvas Pencil Case","3 780 FCFA","marketing/product-posts/assets/03-back_to_school-PA7W602VB.png","https://simbazu.net/products/army-fan-pencil-case-mens-canvas-pencil-case-1412694339196424192","Simple find from Simbazu: Canvas pencil case. Low-cost stationery add-on. Price: 3 780 FCFA. Product code: PA7W602VB. Search the code on simbazu.net and save this post for later.","Selection Simbazu : Canvas pencil case. Un choix pratique a decouvrir aujourd'hui. Prix : 3 780 FCFA. Code produit : PA7W602VB. Cherchez le code sur simbazu.net et gardez ce post.","اختيار من سيمبازو: Canvas pencil case. منتج عملي يستحق المشاهدة. السعر: 3 780 FCFA. كود المنتج: PA7W602VB. ابحث عن الكود على simbazu.net واحفظ المنشور.","Simple find from Simbazu: Canvas pencil case. Low-cost stationery add-on. Price: 3 780 FCFA. Product code: PA7W602VB. Search the code on simbazu.net and save this post for later.

Selection Simbazu : Canvas pencil case. Un choix pratique a decouvrir aujourd'hui. Prix : 3 780 FCFA. Code produit : PA7W602VB. Cherchez le code sur simbazu.net et gardez ce post.

اختيار من سيمبازو: Canvas pencil case. منتج عملي يستحق المشاهدة. السعر: 3 780 FCFA. كود المنتج: PA7W602VB. ابحث عن الكود على simbazu.net واحفظ المنشور.","Show product close-up, code PA7W602VB, price 3 780 FCFA, then a 2-second use-case scene: Low-cost stationery add-on. End with: Search the code on Simbazu.","#Simbazu #OnlineShopping #BackToSchool #ShoppingEnLigne #تسوق_اونلاين"
"back_to_school","PVJRI685Z","Creative Pencil Case Pencil Case Plain Starry Sky Pen Curtain Roll Pencil Case Color Lead Sketch","2 802 FCFA","marketing/product-posts/assets/04-back_to_school-PVJRI685Z.png","https://simbazu.net/products/creative-pencil-case-pencil-case-plain-starry-sky-pen-curtain-roll-pencil-case-color-lead-sketch-1424205823625793536","Simple find from Simbazu: Creative pencil case. Creative pencil case for school and drawing. Price: 2 802 FCFA. Product code: PVJRI685Z. Search the code on simbazu.net and save this post for later.","Selection Simbazu : Creative pencil case. Un choix pratique a decouvrir aujourd'hui. Prix : 2 802 FCFA. Code produit : PVJRI685Z. Cherchez le code sur simbazu.net et gardez ce post.","اختيار من سيمبازو: Creative pencil case. منتج عملي يستحق المشاهدة. السعر: 2 802 FCFA. كود المنتج: PVJRI685Z. ابحث عن الكود على simbazu.net واحفظ المنشور.","Simple find from Simbazu: Creative pencil case. Creative pencil case for school and drawing. Price: 2 802 FCFA. Product code: PVJRI685Z. Search the code on simbazu.net and save this post for later.

Selection Simbazu : Creative pencil case. Un choix pratique a decouvrir aujourd'hui. Prix : 2 802 FCFA. Code produit : PVJRI685Z. Cherchez le code sur simbazu.net et gardez ce post.

اختيار من سيمبازو: Creative pencil case. منتج عملي يستحق المشاهدة. السعر: 2 802 FCFA. كود المنتج: PVJRI685Z. ابحث عن الكود على simbazu.net واحفظ المنشور.","Show product close-up, code PVJRI685Z, price 2 802 FCFA, then a 2-second use-case scene: Creative pencil case for school and drawing. End with: Search the code on Simbazu.","#Simbazu #OnlineShopping #BackToSchool #ShoppingEnLigne #تسوق_اونلاين"
"back_to_school","PWMU0GNSP","Children's Diving School Bag Cartoon Cute Animal Print Backpack","7 368 FCFA","marketing/product-posts/assets/05-back_to_school-PWMU0GNSP.png","https://simbazu.net/products/childrens-diving-school-bag-cartoon-cute-animal-print-backpack-1505065684471132160","Simple find from Simbazu: Cartoon backpack. Cartoon backpack for back-to-school content. Price: 7 368 FCFA. Product code: PWMU0GNSP. Search the code on simbazu.net and save this post for later.","Selection Simbazu : Cartoon backpack. Un choix pratique a decouvrir aujourd'hui. Prix : 7 368 FCFA. Code produit : PWMU0GNSP. Cherchez le code sur simbazu.net et gardez ce post.","اختيار من سيمبازو: Cartoon backpack. منتج عملي يستحق المشاهدة. السعر: 7 368 FCFA. كود المنتج: PWMU0GNSP. ابحث عن الكود على simbazu.net واحفظ المنشور.","Simple find from Simbazu: Cartoon backpack. Cartoon backpack for back-to-school content. Price: 7 368 FCFA. Product code: PWMU0GNSP. Search the code on simbazu.net and save this post for later.

Selection Simbazu : Cartoon backpack. Un choix pratique a decouvrir aujourd'hui. Prix : 7 368 FCFA. Code produit : PWMU0GNSP. Cherchez le code sur simbazu.net et gardez ce post.

اختيار من سيمبازو: Cartoon backpack. منتج عملي يستحق المشاهدة. السعر: 7 368 FCFA. كود المنتج: PWMU0GNSP. ابحث عن الكود على simbazu.net واحفظ المنشور.","Show product close-up, code PWMU0GNSP, price 7 368 FCFA, then a 2-second use-case scene: Cartoon backpack for back-to-school content. End with: Search the code on Simbazu.","#Simbazu #OnlineShopping #BackToSchool #ShoppingEnLigne #تسوق_اونلاين"
"back_to_school","PETVJMJ8Z","Qin Le 304 Insulated Lunch Box EBay Sealed Lunch Box Dinner Plate Amazon Silicone Fresh-keeping Box Lunch Box","14 712 FCFA","marketing/product-posts/assets/06-back_to_school-PETVJMJ8Z.png","https://simbazu.net/products/qin-le-304-insulated-lunch-box-ebay-sealed-lunch-box-dinner-plate-amazon-silicone-fresh-keeping-box-lunch-box-1398464875264610304","Simple find from Simbazu: Insulated lunch box. Lunch box for school routine posts. Price: 14 712 FCFA. Product code: PETVJMJ8Z. Search the code on simbazu.net and save this post for later.","Selection Simbazu : Insulated lunch box. Un choix pratique a decouvrir aujourd'hui. Prix : 14 712 FCFA. Code produit : PETVJMJ8Z. Cherchez le code sur simbazu.net et gardez ce post.","اختيار من سيمبازو: Insulated lunch box. منتج عملي يستحق المشاهدة. السعر: 14 712 FCFA. كود المنتج: PETVJMJ8Z. ابحث عن الكود على simbazu.net واحفظ المنشور.","Simple find from Simbazu: Insulated lunch box. Lunch box for school routine posts. Price: 14 712 FCFA. Product code: PETVJMJ8Z. Search the code on simbazu.net and save this post for later.

Selection Simbazu : Insulated lunch box. Un choix pratique a decouvrir aujourd'hui. Prix : 14 712 FCFA. Code produit : PETVJMJ8Z. Cherchez le code sur simbazu.net et gardez ce post.

اختيار من سيمبازو: Insulated lunch box. منتج عملي يستحق المشاهدة. السعر: 14 712 FCFA. كود المنتج: PETVJMJ8Z. ابحث عن الكود على simbazu.net واحفظ المنشور.","Show product close-up, code PETVJMJ8Z, price 14 712 FCFA, then a 2-second use-case scene: Lunch box for school routine posts. End with: Search the code on Simbazu.","#Simbazu #OnlineShopping #BackToSchool #ShoppingEnLigne #تسوق_اونلاين"
"home_organization","PEIF2DQL1","40 Oz Tumbler With Handle Straw Insulated, Stainless Steel Spill Proof Vacuum Coffee Cup Tumbler With Lid Tapered Mug Gifts For Valentine Lover Suitable For Car Gym Office Travel","19 236 FCFA","marketing/product-posts/assets/01-home_organization-PEIF2DQL1.png","https://simbazu.net/products/40-oz-tumbler-with-handle-straw-insulated-stainless-steel-spill-proof-vacuum-coffee-cup-tumbler-with-lid-tapered-mug-gifts-for-valentine-lover-suitable-for-car-gym-office-travel-1610884907201474560","Simple find from Simbazu: 40 oz insulated tumbler. Desk, office, gym, and travel hydration. Price: 19 236 FCFA. Product code: PEIF2DQL1. Search the code on simbazu.net and save this post for later.","Selection Simbazu : 40 oz insulated tumbler. Un choix pratique a decouvrir aujourd'hui. Prix : 19 236 FCFA. Code produit : PEIF2DQL1. Cherchez le code sur simbazu.net et gardez ce post.","اختيار من سيمبازو: 40 oz insulated tumbler. منتج عملي يستحق المشاهدة. السعر: 19 236 FCFA. كود المنتج: PEIF2DQL1. ابحث عن الكود على simbazu.net واحفظ المنشور.","Simple find from Simbazu: 40 oz insulated tumbler. Desk, office, gym, and travel hydration. Price: 19 236 FCFA. Product code: PEIF2DQL1. Search the code on simbazu.net and save this post for later.

Selection Simbazu : 40 oz insulated tumbler. Un choix pratique a decouvrir aujourd'hui. Prix : 19 236 FCFA. Code produit : PEIF2DQL1. Cherchez le code sur simbazu.net et gardez ce post.

اختيار من سيمبازو: 40 oz insulated tumbler. منتج عملي يستحق المشاهدة. السعر: 19 236 FCFA. كود المنتج: PEIF2DQL1. ابحث عن الكود على simbazu.net واحفظ المنشور.","Show product close-up, code PEIF2DQL1, price 19 236 FCFA, then a 2-second use-case scene: Desk, office, gym, and travel hydration. End with: Search the code on Simbazu.","#Simbazu #OnlineShopping #HomeEssentials #ShoppingEnLigne #تسوق_اونلاين"
"home_organization","PZKKZCQG1","Temporary Metal Waterproof Key Box At The Door","15 588 FCFA","marketing/product-posts/assets/02-home_organization-PZKKZCQG1.png","https://simbazu.net/products/temporary-metal-waterproof-key-box-at-the-door-4978336f-15c5-476b-bfe8-c907659b70bb","Simple find from Simbazu: Waterproof key box. Small home security and key organization. Price: 15 588 FCFA. Product code: PZKKZCQG1. Search the code on simbazu.net and save this post for later.","Selection Simbazu : Waterproof key box. Un choix pratique a decouvrir aujourd'hui. Prix : 15 588 FCFA. Code produit : PZKKZCQG1. Cherchez le code sur simbazu.net et gardez ce post.","اختيار من سيمبازو: Waterproof key box. منتج عملي يستحق المشاهدة. السعر: 15 588 FCFA. كود المنتج: PZKKZCQG1. ابحث عن الكود على simbazu.net واحفظ المنشور.","Simple find from Simbazu: Waterproof key box. Small home security and key organization. Price: 15 588 FCFA. Product code: PZKKZCQG1. Search the code on simbazu.net and save this post for later.

Selection Simbazu : Waterproof key box. Un choix pratique a decouvrir aujourd'hui. Prix : 15 588 FCFA. Code produit : PZKKZCQG1. Cherchez le code sur simbazu.net et gardez ce post.

اختيار من سيمبازو: Waterproof key box. منتج عملي يستحق المشاهدة. السعر: 15 588 FCFA. كود المنتج: PZKKZCQG1. ابحث عن الكود على simbazu.net واحفظ المنشور.","Show product close-up, code PZKKZCQG1, price 15 588 FCFA, then a 2-second use-case scene: Small home security and key organization. End with: Search the code on Simbazu.","#Simbazu #OnlineShopping #HomeEssentials #ShoppingEnLigne #تسوق_اونلاين"
"home_organization","PNIE3IFLH","Bow Cosmetic Bag Large Capacity Travel Skincare Storage","3 438 FCFA","marketing/product-posts/assets/03-home_organization-PNIE3IFLH.png","https://simbazu.net/products/bow-cosmetic-bag-large-capacity-travel-skincare-storage-2504160835041618900","Simple find from Simbazu: Bow cosmetic storage bag. Beauty and travel storage bag. Price: 3 438 FCFA. Product code: PNIE3IFLH. Search the code on simbazu.net and save this post for later.","Selection Simbazu : Bow cosmetic storage bag. Un choix pratique a decouvrir aujourd'hui. Prix : 3 438 FCFA. Code produit : PNIE3IFLH. Cherchez le code sur simbazu.net et gardez ce post.","اختيار من سيمبازو: Bow cosmetic storage bag. منتج عملي يستحق المشاهدة. السعر: 3 438 FCFA. كود المنتج: PNIE3IFLH. ابحث عن الكود على simbazu.net واحفظ المنشور.","Simple find from Simbazu: Bow cosmetic storage bag. Beauty and travel storage bag. Price: 3 438 FCFA. Product code: PNIE3IFLH. Search the code on simbazu.net and save this post for later.

Selection Simbazu : Bow cosmetic storage bag. Un choix pratique a decouvrir aujourd'hui. Prix : 3 438 FCFA. Code produit : PNIE3IFLH. Cherchez le code sur simbazu.net et gardez ce post.

اختيار من سيمبازو: Bow cosmetic storage bag. منتج عملي يستحق المشاهدة. السعر: 3 438 FCFA. كود المنتج: PNIE3IFLH. ابحث عن الكود على simbazu.net واحفظ المنشور.","Show product close-up, code PNIE3IFLH, price 3 438 FCFA, then a 2-second use-case scene: Beauty and travel storage bag. End with: Search the code on Simbazu.","#Simbazu #OnlineShopping #HomeEssentials #ShoppingEnLigne #تسوق_اونلاين"
"home_organization","PG6USVFQY","Travel Storage Toiletries Sub-package Bag","16 350 FCFA","marketing/product-posts/assets/04-home_organization-PG6USVFQY.png","https://simbazu.net/products/travel-storage-toiletries-sub-package-bag-1791643361879789568","Simple find from Simbazu: Travel toiletries organizer. Travel toiletries organizer. Price: 16 350 FCFA. Product code: PG6USVFQY. Search the code on simbazu.net and save this post for later.","Selection Simbazu : Travel toiletries organizer. Un choix pratique a decouvrir aujourd'hui. Prix : 16 350 FCFA. Code produit : PG6USVFQY. Cherchez le code sur simbazu.net et gardez ce post.","اختيار من سيمبازو: Travel toiletries organizer. منتج عملي يستحق المشاهدة. السعر: 16 350 FCFA. كود المنتج: PG6USVFQY. ابحث عن الكود على simbazu.net واحفظ المنشور.","Simple find from Simbazu: Travel toiletries organizer. Travel toiletries organizer. Price: 16 350 FCFA. Product code: PG6USVFQY. Search the code on simbazu.net and save this post for later.

Selection Simbazu : Travel toiletries organizer. Un choix pratique a decouvrir aujourd'hui. Prix : 16 350 FCFA. Code produit : PG6USVFQY. Cherchez le code sur simbazu.net et gardez ce post.

اختيار من سيمبازو: Travel toiletries organizer. منتج عملي يستحق المشاهدة. السعر: 16 350 FCFA. كود المنتج: PG6USVFQY. ابحث عن الكود على simbazu.net واحفظ المنشور.","Show product close-up, code PG6USVFQY, price 16 350 FCFA, then a 2-second use-case scene: Travel toiletries organizer. End with: Search the code on Simbazu.","#Simbazu #OnlineShopping #HomeEssentials #ShoppingEnLigne #تسوق_اونلاين"
"home_organization","PNM9QPX0I","Insulated Lunch Box Airtight Bento Lunch Container","17 724 FCFA","marketing/product-posts/assets/05-home_organization-PNM9QPX0I.png","https://simbazu.net/products/insulated-lunch-box-airtight-bento-lunch-container-2601280528321600200","Simple find from Simbazu: Airtight bento lunch box. Meal prep and school/work lunch organization. Price: 17 724 FCFA. Product code: PNM9QPX0I. Search the code on simbazu.net and save this post for later.","Selection Simbazu : Airtight bento lunch box. Un choix pratique a decouvrir aujourd'hui. Prix : 17 724 FCFA. Code produit : PNM9QPX0I. Cherchez le code sur simbazu.net et gardez ce post.","اختيار من سيمبازو: Airtight bento lunch box. منتج عملي يستحق المشاهدة. السعر: 17 724 FCFA. كود المنتج: PNM9QPX0I. ابحث عن الكود على simbazu.net واحفظ المنشور.","Simple find from Simbazu: Airtight bento lunch box. Meal prep and school/work lunch organization. Price: 17 724 FCFA. Product code: PNM9QPX0I. Search the code on simbazu.net and save this post for later.

Selection Simbazu : Airtight bento lunch box. Un choix pratique a decouvrir aujourd'hui. Prix : 17 724 FCFA. Code produit : PNM9QPX0I. Cherchez le code sur simbazu.net et gardez ce post.

اختيار من سيمبازو: Airtight bento lunch box. منتج عملي يستحق المشاهدة. السعر: 17 724 FCFA. كود المنتج: PNM9QPX0I. ابحث عن الكود على simbazu.net واحفظ المنشور.","Show product close-up, code PNM9QPX0I, price 17 724 FCFA, then a 2-second use-case scene: Meal prep and school/work lunch organization. End with: Search the code on Simbazu.","#Simbazu #OnlineShopping #HomeEssentials #ShoppingEnLigne #تسوق_اونلاين"
"home_organization","PXYEE6BSH","Double-layer Countertop Storage Box For The Kitchen","16 842 FCFA","marketing/product-posts/assets/06-home_organization-PXYEE6BSH.png","https://simbazu.net/products/double-layer-countertop-storage-box-for-the-kitchen-2602080341051616600","Simple find from Simbazu: Kitchen storage box. Kitchen countertop organization. Price: 16 842 FCFA. Product code: PXYEE6BSH. Search the code on simbazu.net and save this post for later.","Selection Simbazu : Kitchen storage box. Un choix pratique a decouvrir aujourd'hui. Prix : 16 842 FCFA. Code produit : PXYEE6BSH. Cherchez le code sur simbazu.net et gardez ce post.","اختيار من سيمبازو: Kitchen storage box. منتج عملي يستحق المشاهدة. السعر: 16 842 FCFA. كود المنتج: PXYEE6BSH. ابحث عن الكود على simbazu.net واحفظ المنشور.","Simple find from Simbazu: Kitchen storage box. Kitchen countertop organization. Price: 16 842 FCFA. Product code: PXYEE6BSH. Search the code on simbazu.net and save this post for later.

Selection Simbazu : Kitchen storage box. Un choix pratique a decouvrir aujourd'hui. Prix : 16 842 FCFA. Code produit : PXYEE6BSH. Cherchez le code sur simbazu.net et gardez ce post.

اختيار من سيمبازو: Kitchen storage box. منتج عملي يستحق المشاهدة. السعر: 16 842 FCFA. كود المنتج: PXYEE6BSH. ابحث عن الكود على simbazu.net واحفظ المنشور.","Show product close-up, code PXYEE6BSH, price 16 842 FCFA, then a 2-second use-case scene: Kitchen countertop organization. End with: Search the code on Simbazu.","#Simbazu #OnlineShopping #HomeEssentials #ShoppingEnLigne #تسوق_اونلاين"
"beauty","PZPUGENQQ","Braided Chain Hair Accessories Wholesale Serpentine Accessories","1 176 FCFA","marketing/product-posts/assets/01-beauty-PZPUGENQQ.png","https://simbazu.net/products/braided-chain-hair-accessories-wholesale-serpentine-accessories-1796377933309816832","Simple find from Simbazu: Braided hair accessory. Easy hair accessory for daily styling. Price: 1 176 FCFA. Product code: PZPUGENQQ. Search the code on simbazu.net and save this post for later.","Selection Simbazu : Braided hair accessory. Un choix pratique a decouvrir aujourd'hui. Prix : 1 176 FCFA. Code produit : PZPUGENQQ. Cherchez le code sur simbazu.net et gardez ce post.","اختيار من سيمبازو: Braided hair accessory. منتج عملي يستحق المشاهدة. السعر: 1 176 FCFA. كود المنتج: PZPUGENQQ. ابحث عن الكود على simbazu.net واحفظ المنشور.","Simple find from Simbazu: Braided hair accessory. Easy hair accessory for daily styling. Price: 1 176 FCFA. Product code: PZPUGENQQ. Search the code on simbazu.net and save this post for later.

Selection Simbazu : Braided hair accessory. Un choix pratique a decouvrir aujourd'hui. Prix : 1 176 FCFA. Code produit : PZPUGENQQ. Cherchez le code sur simbazu.net et gardez ce post.

اختيار من سيمبازو: Braided hair accessory. منتج عملي يستحق المشاهدة. السعر: 1 176 FCFA. كود المنتج: PZPUGENQQ. ابحث عن الكود على simbazu.net واحفظ المنشور.","Show product close-up, code PZPUGENQQ, price 1 176 FCFA, then a 2-second use-case scene: Easy hair accessory for daily styling. End with: Search the code on Simbazu.","#Simbazu #OnlineShopping #BeautyFinds #ShoppingEnLigne #تسوق_اونلاين"
"beauty","PJ03U9LIO","Golden Five-pointed Star Hair Clip Silver Side-swept Bangs For Women","36 FCFA","marketing/product-posts/assets/02-beauty-PJ03U9LIO.png","https://simbazu.net/products/golden-five-pointed-star-hair-clip-silver-side-swept-bangs-for-women-2602080735181626900","Simple find from Simbazu: Star hair clip. Cute star hair clip for quick beauty content. Price: 36 FCFA. Product code: PJ03U9LIO. Search the code on simbazu.net and save this post for later.","Selection Simbazu : Star hair clip. Un choix pratique a decouvrir aujourd'hui. Prix : 36 FCFA. Code produit : PJ03U9LIO. Cherchez le code sur simbazu.net et gardez ce post.","اختيار من سيمبازو: Star hair clip. منتج عملي يستحق المشاهدة. السعر: 36 FCFA. كود المنتج: PJ03U9LIO. ابحث عن الكود على simbazu.net واحفظ المنشور.","Simple find from Simbazu: Star hair clip. Cute star hair clip for quick beauty content. Price: 36 FCFA. Product code: PJ03U9LIO. Search the code on simbazu.net and save this post for later.

Selection Simbazu : Star hair clip. Un choix pratique a decouvrir aujourd'hui. Prix : 36 FCFA. Code produit : PJ03U9LIO. Cherchez le code sur simbazu.net et gardez ce post.

اختيار من سيمبازو: Star hair clip. منتج عملي يستحق المشاهدة. السعر: 36 FCFA. كود المنتج: PJ03U9LIO. ابحث عن الكود على simbazu.net واحفظ المنشور.","Show product close-up, code PJ03U9LIO, price 36 FCFA, then a 2-second use-case scene: Cute star hair clip for quick beauty content. End with: Search the code on Simbazu.","#Simbazu #OnlineShopping #BeautyFinds #ShoppingEnLigne #تسوق_اونلاين"
"beauty","P3VBIKLUQ","Japanese Style Nail Ornament Little Bee","42 FCFA","marketing/product-posts/assets/03-beauty-P3VBIKLUQ.png","https://simbazu.net/products/japanese-style-nail-ornament-little-bee-2410310230151621600","Simple find from Simbazu: Little bee nail ornament. Small nail art detail. Price: 42 FCFA. Product code: P3VBIKLUQ. Search the code on simbazu.net and save this post for later.","Selection Simbazu : Little bee nail ornament. Un choix pratique a decouvrir aujourd'hui. Prix : 42 FCFA. Code produit : P3VBIKLUQ. Cherchez le code sur simbazu.net et gardez ce post.","اختيار من سيمبازو: Little bee nail ornament. منتج عملي يستحق المشاهدة. السعر: 42 FCFA. كود المنتج: P3VBIKLUQ. ابحث عن الكود على simbazu.net واحفظ المنشور.","Simple find from Simbazu: Little bee nail ornament. Small nail art detail. Price: 42 FCFA. Product code: P3VBIKLUQ. Search the code on simbazu.net and save this post for later.

Selection Simbazu : Little bee nail ornament. Un choix pratique a decouvrir aujourd'hui. Prix : 42 FCFA. Code produit : P3VBIKLUQ. Cherchez le code sur simbazu.net et gardez ce post.

اختيار من سيمبازو: Little bee nail ornament. منتج عملي يستحق المشاهدة. السعر: 42 FCFA. كود المنتج: P3VBIKLUQ. ابحث عن الكود على simbazu.net واحفظ المنشور.","Show product close-up, code P3VBIKLUQ, price 42 FCFA, then a 2-second use-case scene: Small nail art detail. End with: Search the code on Simbazu.","#Simbazu #OnlineShopping #BeautyFinds #ShoppingEnLigne #تسوق_اونلاين"
"beauty","P8LFUBPAT","New Nail Beauty Butterfly Silver Metal Alloy Rhinestone DIY Ornament Accessories","54 FCFA","marketing/product-posts/assets/04-beauty-P8LFUBPAT.png","https://simbazu.net/products/new-nail-beauty-butterfly-silver-metal-alloy-rhinestone-diy-ornament-accessories-2510270402251625700","Simple find from Simbazu: Butterfly nail decor. Butterfly nail art hook. Price: 54 FCFA. Product code: P8LFUBPAT. Search the code on simbazu.net and save this post for later.","Selection Simbazu : Butterfly nail decor. Un choix pratique a decouvrir aujourd'hui. Prix : 54 FCFA. Code produit : P8LFUBPAT. Cherchez le code sur simbazu.net et gardez ce post.","اختيار من سيمبازو: Butterfly nail decor. منتج عملي يستحق المشاهدة. السعر: 54 FCFA. كود المنتج: P8LFUBPAT. ابحث عن الكود على simbazu.net واحفظ المنشور.","Simple find from Simbazu: Butterfly nail decor. Butterfly nail art hook. Price: 54 FCFA. Product code: P8LFUBPAT. Search the code on simbazu.net and save this post for later.

Selection Simbazu : Butterfly nail decor. Un choix pratique a decouvrir aujourd'hui. Prix : 54 FCFA. Code produit : P8LFUBPAT. Cherchez le code sur simbazu.net et gardez ce post.

اختيار من سيمبازو: Butterfly nail decor. منتج عملي يستحق المشاهدة. السعر: 54 FCFA. كود المنتج: P8LFUBPAT. ابحث عن الكود على simbazu.net واحفظ المنشور.","Show product close-up, code P8LFUBPAT, price 54 FCFA, then a 2-second use-case scene: Butterfly nail art hook. End with: Search the code on Simbazu.","#Simbazu #OnlineShopping #BeautyFinds #ShoppingEnLigne #تسوق_اونلاين"
"beauty","PWZX4L3AE","Cute Starfish And Seashell Nail Art Accessories Featuring Adorable Marine Life","54 FCFA","marketing/product-posts/assets/05-beauty-PWZX4L3AE.png","https://simbazu.net/products/cute-starfish-and-seashell-nail-art-accessories-featuring-adorable-marine-life-2601270522031637500","Simple find from Simbazu: Seashell nail art. Summer/sea themed nail art. Price: 54 FCFA. Product code: PWZX4L3AE. Search the code on simbazu.net and save this post for later.","Selection Simbazu : Seashell nail art. Un choix pratique a decouvrir aujourd'hui. Prix : 54 FCFA. Code produit : PWZX4L3AE. Cherchez le code sur simbazu.net et gardez ce post.","اختيار من سيمبازو: Seashell nail art. منتج عملي يستحق المشاهدة. السعر: 54 FCFA. كود المنتج: PWZX4L3AE. ابحث عن الكود على simbazu.net واحفظ المنشور.","Simple find from Simbazu: Seashell nail art. Summer/sea themed nail art. Price: 54 FCFA. Product code: PWZX4L3AE. Search the code on simbazu.net and save this post for later.

Selection Simbazu : Seashell nail art. Un choix pratique a decouvrir aujourd'hui. Prix : 54 FCFA. Code produit : PWZX4L3AE. Cherchez le code sur simbazu.net et gardez ce post.

اختيار من سيمبازو: Seashell nail art. منتج عملي يستحق المشاهدة. السعر: 54 FCFA. كود المنتج: PWZX4L3AE. ابحث عن الكود على simbazu.net واحفظ المنشور.","Show product close-up, code PWZX4L3AE, price 54 FCFA, then a 2-second use-case scene: Summer/sea themed nail art. End with: Search the code on Simbazu.","#Simbazu #OnlineShopping #BeautyFinds #ShoppingEnLigne #تسوق_اونلاين"
"beauty","PBTZBYCJA","Love Hair Band Candy Color Headband Highly Elastic Hair Rope Hair Elastic Band","90 FCFA","marketing/product-posts/assets/06-beauty-PBTZBYCJA.png","https://simbazu.net/products/love-hair-band-candy-color-headband-highly-elastic-hair-rope-hair-elastic-band-1691276625830219776","Simple find from Simbazu: Candy color hair band. Colorful everyday hair bands. Price: 90 FCFA. Product code: PBTZBYCJA. Search the code on simbazu.net and save this post for later.","Selection Simbazu : Candy color hair band. Un choix pratique a decouvrir aujourd'hui. Prix : 90 FCFA. Code produit : PBTZBYCJA. Cherchez le code sur simbazu.net et gardez ce post.","اختيار من سيمبازو: Candy color hair band. منتج عملي يستحق المشاهدة. السعر: 90 FCFA. كود المنتج: PBTZBYCJA. ابحث عن الكود على simbazu.net واحفظ المنشور.","Simple find from Simbazu: Candy color hair band. Colorful everyday hair bands. Price: 90 FCFA. Product code: PBTZBYCJA. Search the code on simbazu.net and save this post for later.

Selection Simbazu : Candy color hair band. Un choix pratique a decouvrir aujourd'hui. Prix : 90 FCFA. Code produit : PBTZBYCJA. Cherchez le code sur simbazu.net et gardez ce post.

اختيار من سيمبازو: Candy color hair band. منتج عملي يستحق المشاهدة. السعر: 90 FCFA. كود المنتج: PBTZBYCJA. ابحث عن الكود على simbazu.net واحفظ المنشور.","Show product close-up, code PBTZBYCJA, price 90 FCFA, then a 2-second use-case scene: Colorful everyday hair bands. End with: Search the code on Simbazu.","#Simbazu #OnlineShopping #BeautyFinds #ShoppingEnLigne #تسوق_اونلاين"
"fashion_accessories","PON2U1DDT","TR90 Retro Round UV Resistant Glasses","6 264 FCFA","marketing/product-posts/assets/01-fashion_accessories-PON2U1DDT.png","https://simbazu.net/products/tr90-retro-round-uv-resistant-glasses-1660919376607981568","Simple find from Simbazu: Retro round glasses. Retro glasses as outfit detail. Price: 6 264 FCFA. Product code: PON2U1DDT. Search the code on simbazu.net and save this post for later.","Selection Simbazu : Retro round glasses. Un choix pratique a decouvrir aujourd'hui. Prix : 6 264 FCFA. Code produit : PON2U1DDT. Cherchez le code sur simbazu.net et gardez ce post.","اختيار من سيمبازو: Retro round glasses. منتج عملي يستحق المشاهدة. السعر: 6 264 FCFA. كود المنتج: PON2U1DDT. ابحث عن الكود على simbazu.net واحفظ المنشور.","Simple find from Simbazu: Retro round glasses. Retro glasses as outfit detail. Price: 6 264 FCFA. Product code: PON2U1DDT. Search the code on simbazu.net and save this post for later.

Selection Simbazu : Retro round glasses. Un choix pratique a decouvrir aujourd'hui. Prix : 6 264 FCFA. Code produit : PON2U1DDT. Cherchez le code sur simbazu.net et gardez ce post.

اختيار من سيمبازو: Retro round glasses. منتج عملي يستحق المشاهدة. السعر: 6 264 FCFA. كود المنتج: PON2U1DDT. ابحث عن الكود على simbazu.net واحفظ المنشور.","Show product close-up, code PON2U1DDT, price 6 264 FCFA, then a 2-second use-case scene: Retro glasses as outfit detail. End with: Search the code on Simbazu.","#Simbazu #OnlineShopping #FashionFinds #ShoppingEnLigne #تسوق_اونلاين"
"fashion_accessories","PLCTSHFT0","New Glasses Bauhinia Metal Women's Fashion Young State Blue Light Proof Presbyopic Glasses","2 850 FCFA","marketing/product-posts/assets/02-fashion_accessories-PLCTSHFT0.png","https://simbazu.net/products/new-glasses-bauhinia-metal-womens-fashion-young-state-blue-light-proof-presbyopic-glasses-1377447457893519360","Simple find from Simbazu: Women's fashion glasses. Women's glasses accessory post. Price: 2 850 FCFA. Product code: PLCTSHFT0. Search the code on simbazu.net and save this post for later.","Selection Simbazu : Women's fashion glasses. Un choix pratique a decouvrir aujourd'hui. Prix : 2 850 FCFA. Code produit : PLCTSHFT0. Cherchez le code sur simbazu.net et gardez ce post.","اختيار من سيمبازو: Women's fashion glasses. منتج عملي يستحق المشاهدة. السعر: 2 850 FCFA. كود المنتج: PLCTSHFT0. ابحث عن الكود على simbazu.net واحفظ المنشور.","Simple find from Simbazu: Women's fashion glasses. Women's glasses accessory post. Price: 2 850 FCFA. Product code: PLCTSHFT0. Search the code on simbazu.net and save this post for later.

Selection Simbazu : Women's fashion glasses. Un choix pratique a decouvrir aujourd'hui. Prix : 2 850 FCFA. Code produit : PLCTSHFT0. Cherchez le code sur simbazu.net et gardez ce post.

اختيار من سيمبازو: Women's fashion glasses. منتج عملي يستحق المشاهدة. السعر: 2 850 FCFA. كود المنتج: PLCTSHFT0. ابحث عن الكود على simbazu.net واحفظ المنشور.","Show product close-up, code PLCTSHFT0, price 2 850 FCFA, then a 2-second use-case scene: Women's glasses accessory post. End with: Search the code on Simbazu.","#Simbazu #OnlineShopping #FashionFinds #ShoppingEnLigne #تسوق_اونلاين"
"fashion_accessories","PPWVQBOGJ","Vintage Small Frame Round Steampunk Sunglasses","3 912 FCFA","marketing/product-posts/assets/03-fashion_accessories-PPWVQBOGJ.png","https://simbazu.net/products/vintage-small-frame-round-steampunk-sunglasses-1523124795167223808","Simple find from Simbazu: Round steampunk sunglasses. Statement sunglasses for style content. Price: 3 912 FCFA. Product code: PPWVQBOGJ. Search the code on simbazu.net and save this post for later.","Selection Simbazu : Round steampunk sunglasses. Un choix pratique a decouvrir aujourd'hui. Prix : 3 912 FCFA. Code produit : PPWVQBOGJ. Cherchez le code sur simbazu.net et gardez ce post.","اختيار من سيمبازو: Round steampunk sunglasses. منتج عملي يستحق المشاهدة. السعر: 3 912 FCFA. كود المنتج: PPWVQBOGJ. ابحث عن الكود على simbazu.net واحفظ المنشور.","Simple find from Simbazu: Round steampunk sunglasses. Statement sunglasses for style content. Price: 3 912 FCFA. Product code: PPWVQBOGJ. Search the code on simbazu.net and save this post for later.

Selection Simbazu : Round steampunk sunglasses. Un choix pratique a decouvrir aujourd'hui. Prix : 3 912 FCFA. Code produit : PPWVQBOGJ. Cherchez le code sur simbazu.net et gardez ce post.

اختيار من سيمبازو: Round steampunk sunglasses. منتج عملي يستحق المشاهدة. السعر: 3 912 FCFA. كود المنتج: PPWVQBOGJ. ابحث عن الكود على simbazu.net واحفظ المنشور.","Show product close-up, code PPWVQBOGJ, price 3 912 FCFA, then a 2-second use-case scene: Statement sunglasses for style content. End with: Search the code on Simbazu.","#Simbazu #OnlineShopping #FashionFinds #ShoppingEnLigne #تسوق_اونلاين"
"fashion_accessories","PS3G7ILUV","Irregular Candy-colored Sunglasses On The Catwalk","2 190 FCFA","marketing/product-posts/assets/04-fashion_accessories-PS3G7ILUV.png","https://simbazu.net/products/irregular-candy-colored-sunglasses-on-the-catwalk-1471390754248200192","Simple find from Simbazu: Candy-colored sunglasses. Colorful sunglasses for engagement poll. Price: 2 190 FCFA. Product code: PS3G7ILUV. Search the code on simbazu.net and save this post for later.","Selection Simbazu : Candy-colored sunglasses. Un choix pratique a decouvrir aujourd'hui. Prix : 2 190 FCFA. Code produit : PS3G7ILUV. Cherchez le code sur simbazu.net et gardez ce post.","اختيار من سيمبازو: Candy-colored sunglasses. منتج عملي يستحق المشاهدة. السعر: 2 190 FCFA. كود المنتج: PS3G7ILUV. ابحث عن الكود على simbazu.net واحفظ المنشور.","Simple find from Simbazu: Candy-colored sunglasses. Colorful sunglasses for engagement poll. Price: 2 190 FCFA. Product code: PS3G7ILUV. Search the code on simbazu.net and save this post for later.

Selection Simbazu : Candy-colored sunglasses. Un choix pratique a decouvrir aujourd'hui. Prix : 2 190 FCFA. Code produit : PS3G7ILUV. Cherchez le code sur simbazu.net et gardez ce post.

اختيار من سيمبازو: Candy-colored sunglasses. منتج عملي يستحق المشاهدة. السعر: 2 190 FCFA. كود المنتج: PS3G7ILUV. ابحث عن الكود على simbazu.net واحفظ المنشور.","Show product close-up, code PS3G7ILUV, price 2 190 FCFA, then a 2-second use-case scene: Colorful sunglasses for engagement poll. End with: Search the code on Simbazu.","#Simbazu #OnlineShopping #FashionFinds #ShoppingEnLigne #تسوق_اونلاين"
"fashion_accessories","PUDCNQL8J","European And American Fashion Ocean Beach Glasses","3 258 FCFA","marketing/product-posts/assets/05-fashion_accessories-PUDCNQL8J.png","https://simbazu.net/products/european-and-american-fashion-ocean-beach-glasses-1535254133773709312","Simple find from Simbazu: Ocean beach glasses. Travel/beach accessory angle. Price: 3 258 FCFA. Product code: PUDCNQL8J. Search the code on simbazu.net and save this post for later.","Selection Simbazu : Ocean beach glasses. Un choix pratique a decouvrir aujourd'hui. Prix : 3 258 FCFA. Code produit : PUDCNQL8J. Cherchez le code sur simbazu.net et gardez ce post.","اختيار من سيمبازو: Ocean beach glasses. منتج عملي يستحق المشاهدة. السعر: 3 258 FCFA. كود المنتج: PUDCNQL8J. ابحث عن الكود على simbazu.net واحفظ المنشور.","Simple find from Simbazu: Ocean beach glasses. Travel/beach accessory angle. Price: 3 258 FCFA. Product code: PUDCNQL8J. Search the code on simbazu.net and save this post for later.

Selection Simbazu : Ocean beach glasses. Un choix pratique a decouvrir aujourd'hui. Prix : 3 258 FCFA. Code produit : PUDCNQL8J. Cherchez le code sur simbazu.net et gardez ce post.

اختيار من سيمبازو: Ocean beach glasses. منتج عملي يستحق المشاهدة. السعر: 3 258 FCFA. كود المنتج: PUDCNQL8J. ابحث عن الكود على simbazu.net واحفظ المنشور.","Show product close-up, code PUDCNQL8J, price 3 258 FCFA, then a 2-second use-case scene: Travel/beach accessory angle. End with: Search the code on Simbazu.","#Simbazu #OnlineShopping #FashionFinds #ShoppingEnLigne #تسوق_اونلاين"
"fashion_accessories","P8QY9IFAW","New Style Windshield Cycling Glasses Outdoor Sports","2 742 FCFA","marketing/product-posts/assets/06-fashion_accessories-P8QY9IFAW.png","https://simbazu.net/products/new-style-windshield-cycling-glasses-outdoor-sports-1490218043995983872","Simple find from Simbazu: Outdoor cycling glasses. Outdoor/sport glasses content. Price: 2 742 FCFA. Product code: P8QY9IFAW. Search the code on simbazu.net and save this post for later.","Selection Simbazu : Outdoor cycling glasses. Un choix pratique a decouvrir aujourd'hui. Prix : 2 742 FCFA. Code produit : P8QY9IFAW. Cherchez le code sur simbazu.net et gardez ce post.","اختيار من سيمبازو: Outdoor cycling glasses. منتج عملي يستحق المشاهدة. السعر: 2 742 FCFA. كود المنتج: P8QY9IFAW. ابحث عن الكود على simbazu.net واحفظ المنشور.","Simple find from Simbazu: Outdoor cycling glasses. Outdoor/sport glasses content. Price: 2 742 FCFA. Product code: P8QY9IFAW. Search the code on simbazu.net and save this post for later.

Selection Simbazu : Outdoor cycling glasses. Un choix pratique a decouvrir aujourd'hui. Prix : 2 742 FCFA. Code produit : P8QY9IFAW. Cherchez le code sur simbazu.net et gardez ce post.

اختيار من سيمبازو: Outdoor cycling glasses. منتج عملي يستحق المشاهدة. السعر: 2 742 FCFA. كود المنتج: P8QY9IFAW. ابحث عن الكود على simbazu.net واحفظ المنشور.","Show product close-up, code P8QY9IFAW, price 2 742 FCFA, then a 2-second use-case scene: Outdoor/sport glasses content. End with: Search the code on Simbazu.","#Simbazu #OnlineShopping #FashionFinds #ShoppingEnLigne #تسوق_اونلاين"
"travel","PSWFFOKUJ","All Match College Style Small Backpack Multifunctional Diagonal Bag Women","12 888 FCFA","marketing/product-posts/assets/01-travel-PSWFFOKUJ.png","https://simbazu.net/products/all-match-college-style-small-backpack-multifunctional-diagonal-bag-women-1454751592401211392","Simple find from Simbazu: Multifunctional small backpack. Compact travel and daily bag. Price: 12 888 FCFA. Product code: PSWFFOKUJ. Search the code on simbazu.net and save this post for later.","Selection Simbazu : Multifunctional small backpack. Un choix pratique a decouvrir aujourd'hui. Prix : 12 888 FCFA. Code produit : PSWFFOKUJ. Cherchez le code sur simbazu.net et gardez ce post.","اختيار من سيمبازو: Multifunctional small backpack. منتج عملي يستحق المشاهدة. السعر: 12 888 FCFA. كود المنتج: PSWFFOKUJ. ابحث عن الكود على simbazu.net واحفظ المنشور.","Simple find from Simbazu: Multifunctional small backpack. Compact travel and daily bag. Price: 12 888 FCFA. Product code: PSWFFOKUJ. Search the code on simbazu.net and save this post for later.

Selection Simbazu : Multifunctional small backpack. Un choix pratique a decouvrir aujourd'hui. Prix : 12 888 FCFA. Code produit : PSWFFOKUJ. Cherchez le code sur simbazu.net et gardez ce post.

اختيار من سيمبازو: Multifunctional small backpack. منتج عملي يستحق المشاهدة. السعر: 12 888 FCFA. كود المنتج: PSWFFOKUJ. ابحث عن الكود على simbazu.net واحفظ المنشور.","Show product close-up, code PSWFFOKUJ, price 12 888 FCFA, then a 2-second use-case scene: Compact travel and daily bag. End with: Search the code on Simbazu.","#Simbazu #OnlineShopping #TravelFinds #ShoppingEnLigne #تسوق_اونلاين"
"travel","PHNYW0DAN","Fashion Chain Small Round Shoulder Bag","9 354 FCFA","marketing/product-posts/assets/02-travel-PHNYW0DAN.png","https://simbazu.net/products/fashion-chain-small-round-shoulder-bag-1524297756410654720","Simple find from Simbazu: Round shoulder bag. Small day-out shoulder bag. Price: 9 354 FCFA. Product code: PHNYW0DAN. Search the code on simbazu.net and save this post for later.","Selection Simbazu : Round shoulder bag. Un choix pratique a decouvrir aujourd'hui. Prix : 9 354 FCFA. Code produit : PHNYW0DAN. Cherchez le code sur simbazu.net et gardez ce post.","اختيار من سيمبازو: Round shoulder bag. منتج عملي يستحق المشاهدة. السعر: 9 354 FCFA. كود المنتج: PHNYW0DAN. ابحث عن الكود على simbazu.net واحفظ المنشور.","Simple find from Simbazu: Round shoulder bag. Small day-out shoulder bag. Price: 9 354 FCFA. Product code: PHNYW0DAN. Search the code on simbazu.net and save this post for later.

Selection Simbazu : Round shoulder bag. Un choix pratique a decouvrir aujourd'hui. Prix : 9 354 FCFA. Code produit : PHNYW0DAN. Cherchez le code sur simbazu.net et gardez ce post.

اختيار من سيمبازو: Round shoulder bag. منتج عملي يستحق المشاهدة. السعر: 9 354 FCFA. كود المنتج: PHNYW0DAN. ابحث عن الكود على simbazu.net واحفظ المنشور.","Show product close-up, code PHNYW0DAN, price 9 354 FCFA, then a 2-second use-case scene: Small day-out shoulder bag. End with: Search the code on Simbazu.","#Simbazu #OnlineShopping #TravelFinds #ShoppingEnLigne #تسوق_اونلاين"
"travel","PA3TC8XAF","Simple Small Square Bag With Solid Color Stitching","5 892 FCFA","marketing/product-posts/assets/03-travel-PA3TC8XAF.png","https://simbazu.net/products/simple-small-square-bag-with-solid-color-stitching-1456139087177191424","Simple find from Simbazu: Small square bag. Minimal travel accessory. Price: 5 892 FCFA. Product code: PA3TC8XAF. Search the code on simbazu.net and save this post for later.","Selection Simbazu : Small square bag. Un choix pratique a decouvrir aujourd'hui. Prix : 5 892 FCFA. Code produit : PA3TC8XAF. Cherchez le code sur simbazu.net et gardez ce post.","اختيار من سيمبازو: Small square bag. منتج عملي يستحق المشاهدة. السعر: 5 892 FCFA. كود المنتج: PA3TC8XAF. ابحث عن الكود على simbazu.net واحفظ المنشور.","Simple find from Simbazu: Small square bag. Minimal travel accessory. Price: 5 892 FCFA. Product code: PA3TC8XAF. Search the code on simbazu.net and save this post for later.

Selection Simbazu : Small square bag. Un choix pratique a decouvrir aujourd'hui. Prix : 5 892 FCFA. Code produit : PA3TC8XAF. Cherchez le code sur simbazu.net et gardez ce post.

اختيار من سيمبازو: Small square bag. منتج عملي يستحق المشاهدة. السعر: 5 892 FCFA. كود المنتج: PA3TC8XAF. ابحث عن الكود على simbazu.net واحفظ المنشور.","Show product close-up, code PA3TC8XAF, price 5 892 FCFA, then a 2-second use-case scene: Minimal travel accessory. End with: Search the code on Simbazu.","#Simbazu #OnlineShopping #TravelFinds #ShoppingEnLigne #تسوق_اونلاين"
"travel","PWZR7G1GB","Trendy Women's Fashion Premium Velvet Backpack","10 782 FCFA","marketing/product-posts/assets/04-travel-PWZR7G1GB.png","https://simbazu.net/products/trendy-womens-fashion-premium-velvet-backpack-2407251253561619400","Simple find from Simbazu: Velvet fashion backpack. Soft fashion backpack for daily use. Price: 10 782 FCFA. Product code: PWZR7G1GB. Search the code on simbazu.net and save this post for later.","Selection Simbazu : Velvet fashion backpack. Un choix pratique a decouvrir aujourd'hui. Prix : 10 782 FCFA. Code produit : PWZR7G1GB. Cherchez le code sur simbazu.net et gardez ce post.","اختيار من سيمبازو: Velvet fashion backpack. منتج عملي يستحق المشاهدة. السعر: 10 782 FCFA. كود المنتج: PWZR7G1GB. ابحث عن الكود على simbazu.net واحفظ المنشور.","Simple find from Simbazu: Velvet fashion backpack. Soft fashion backpack for daily use. Price: 10 782 FCFA. Product code: PWZR7G1GB. Search the code on simbazu.net and save this post for later.

Selection Simbazu : Velvet fashion backpack. Un choix pratique a decouvrir aujourd'hui. Prix : 10 782 FCFA. Code produit : PWZR7G1GB. Cherchez le code sur simbazu.net et gardez ce post.

اختيار من سيمبازو: Velvet fashion backpack. منتج عملي يستحق المشاهدة. السعر: 10 782 FCFA. كود المنتج: PWZR7G1GB. ابحث عن الكود على simbazu.net واحفظ المنشور.","Show product close-up, code PWZR7G1GB, price 10 782 FCFA, then a 2-second use-case scene: Soft fashion backpack for daily use. End with: Search the code on Simbazu.","#Simbazu #OnlineShopping #TravelFinds #ShoppingEnLigne #تسوق_اونلاين"
"travel","PG6USVFQY","Travel Storage Toiletries Sub-package Bag","16 350 FCFA","marketing/product-posts/assets/05-travel-PG6USVFQY.png","https://simbazu.net/products/travel-storage-toiletries-sub-package-bag-1791643361879789568","Simple find from Simbazu: Travel toiletries organizer. Travel toiletries organizer. Price: 16 350 FCFA. Product code: PG6USVFQY. Search the code on simbazu.net and save this post for later.","Selection Simbazu : Travel toiletries organizer. Un choix pratique a decouvrir aujourd'hui. Prix : 16 350 FCFA. Code produit : PG6USVFQY. Cherchez le code sur simbazu.net et gardez ce post.","اختيار من سيمبازو: Travel toiletries organizer. منتج عملي يستحق المشاهدة. السعر: 16 350 FCFA. كود المنتج: PG6USVFQY. ابحث عن الكود على simbazu.net واحفظ المنشور.","Simple find from Simbazu: Travel toiletries organizer. Travel toiletries organizer. Price: 16 350 FCFA. Product code: PG6USVFQY. Search the code on simbazu.net and save this post for later.

Selection Simbazu : Travel toiletries organizer. Un choix pratique a decouvrir aujourd'hui. Prix : 16 350 FCFA. Code produit : PG6USVFQY. Cherchez le code sur simbazu.net et gardez ce post.

اختيار من سيمبازو: Travel toiletries organizer. منتج عملي يستحق المشاهدة. السعر: 16 350 FCFA. كود المنتج: PG6USVFQY. ابحث عن الكود على simbazu.net واحفظ المنشور.","Show product close-up, code PG6USVFQY, price 16 350 FCFA, then a 2-second use-case scene: Travel toiletries organizer. End with: Search the code on Simbazu.","#Simbazu #OnlineShopping #TravelFinds #ShoppingEnLigne #تسوق_اونلاين"
"travel","P9Y0BOHZW","Portable Portable Mini Mesh Simple Makeup Bag","1 068 FCFA","marketing/product-posts/assets/06-travel-P9Y0BOHZW.png","https://simbazu.net/products/portable-portable-mini-mesh-simple-makeup-bag-2409030216291618000","Simple find from Simbazu: Mini mesh makeup bag. Low-cost makeup/travel pouch. Price: 1 068 FCFA. Product code: P9Y0BOHZW. Search the code on simbazu.net and save this post for later.","Selection Simbazu : Mini mesh makeup bag. Un choix pratique a decouvrir aujourd'hui. Prix : 1 068 FCFA. Code produit : P9Y0BOHZW. Cherchez le code sur simbazu.net et gardez ce post.","اختيار من سيمبازو: Mini mesh makeup bag. منتج عملي يستحق المشاهدة. السعر: 1 068 FCFA. كود المنتج: P9Y0BOHZW. ابحث عن الكود على simbazu.net واحفظ المنشور.","Simple find from Simbazu: Mini mesh makeup bag. Low-cost makeup/travel pouch. Price: 1 068 FCFA. Product code: P9Y0BOHZW. Search the code on simbazu.net and save this post for later.

Selection Simbazu : Mini mesh makeup bag. Un choix pratique a decouvrir aujourd'hui. Prix : 1 068 FCFA. Code produit : P9Y0BOHZW. Cherchez le code sur simbazu.net et gardez ce post.

اختيار من سيمبازو: Mini mesh makeup bag. منتج عملي يستحق المشاهدة. السعر: 1 068 FCFA. كود المنتج: P9Y0BOHZW. ابحث عن الكود على simbazu.net واحفظ المنشور.","Show product close-up, code P9Y0BOHZW, price 1 068 FCFA, then a 2-second use-case scene: Low-cost makeup/travel pouch. End with: Search the code on Simbazu.","#Simbazu #OnlineShopping #TravelFinds #ShoppingEnLigne #تسوق_اونلاين"
